plz,bundesland,bundesland_code
10115,Berlin,BE
13088,Berlin,BE
20095,Hamburg,HH
21073,Hamburg,HH
28195,Bremen,HB
28215,Bremen,HB
30159,Niedersachsen,NI
26122,Niedersachsen,NI
40213,Nordrhein-Westfalen,NW
44135,Nordrhein-Westfalen,NW
50667,Nordrhein-Westfalen,NW
55116,Rheinland-Pfalz,RP
66111,Saarland,SL
68159,Baden-Württemberg,BW
70173,Baden-Württemberg,BW
80331,Bayern,BY
90402,Bayern,BY
01067,Sachsen,SN
04109,Sachsen,SN
06108,Sachsen-Anhalt,ST
39104,Sachsen-Anhalt,ST
14467,Brandenburg,BB
15230,Brandenburg,BB
18055,Mecklenburg-Vorpommern,MV
19053,Mecklenburg-Vorpommern,MV
24103,Schleswig-Holstein,SH
25524,Schleswig-Holstein,SH
37073,Niedersachsen,NI
99084,Thüringen,TH
98527,Thüringen,TH
07743,Thüringen,TH
32052,Nordrhein-Westfalen,NW
34117,Hessen,HE
65185,Hessen,HE
54290,Rheinland-Pfalz,RP
48143,Nordrhein-Westfalen,NW
